Alumno/a;Nombre elegido (Alias);N_ id. Alumno;DNI/Pasaporte;N_ del expediente del centro;Curso;Unidad;Estado Matr_cula;A_o de la matr_cula;Fecha de matr_cula;N_ de matr_culas en este curso;Observaciones de la matr_cula;Sexo;Direcci_n;C_digo postal;Localidad de residencia;Provincia de residencia;Localidad de nacimiento;Provincia nacimiento;Pa_s de nacimiento;Fecha de nacimiento;Edad a 31/12 del a_o de matr_cula;Nacionalidad;Tel_fono;Tel_fono de urgencia;Correo Electr_nico;Primer apellido;Segundo apellido;Nombre;DNI/Pasaporte Primer tutor;Primer apellido Primer tutor;Segundo apellido Primer tutor;Nombre Primer tutor;Sexo Primer tutor;Tel_fono Primer tutor;Correo Primer tutor;DNI/Pasaporte Segundo tutor;Primer apellido Segundo tutor;Segundo apellido Segundo tutor;Nombre Segundo tutor;Sexo Segundo tutor;Tel_fono Segundo tutor;Correo Segundo tutor;NP;NSS
Aristides Valverde Llobet;Aristides;56347467;27478217W;834907;Tercero;D;Denegado;2024;14/6/24;3;Earum commodi ad.;U;Paseo Nerea Rosales 45 Piso 6 , Badajoz, 23914;32172;Granada;Valladolid;La Rioja;Soria;Timor-Leste;12/12/83;78;Qatar;+34842 206 970;34925729657;kmiranda@example.net;Valverde;Llobet;Aristides;146-37-2196;Chamorro;Benito;Cruz;Hombre;+34 933 98 18 90;xalcala@example.com;071-42-8461;Manzano;Cal;Plácido;Hombre;+34 924783039;vcabrera@example.com;32;123456789
Leonor Arcos Porta;Leonor;26393444;29386102Z;783504;Tercero;B;Solicitado;2024;10/8/24;3;Sint esse a nisi at excepturi.;M;Via Carlos Velázquez 45, Badajoz, 07005;40560;Las Palmas;Almería;Girona;Burgos;Dinamarca;16/5/17;39;El Salvador;34843435722;+34 803 627 905;reyna28@example.net;Arcos;Porta;Leonor;298-68-3984;Dalmau;Fuster;Aitana;Mujer;+34 933323647;xgrande@example.org;306-70-7116;Malo;Lorenzo;Lara;Mujer;+34 888154310;hilario60@example.com;50;123456789
Vidal Hoz Bertrán;Vidal;23084405;65319538K;658166;Quinto;B;En trámite;2024;18/7/24;2;Alias sequi voluptas ea temporibus nulla.;M;Alameda Marita Elorza 763, Palencia, 17302;51378;León;León;La Rioja;Santa Cruz de Tenerife;Guyana;23/2/76;58;Colombia;+34 943548877;+34888 623 843;jose74@example.net;Hoz;Bertrán;Vidal;764-63-0331;Portillo;Criado;Rubén;Mujer;+34 879 12 69 92;valeriolozano@example.org;502-45-2180;Rius;Gonzalo;Verónica;Mujer;+34 985 943 865;flora56@example.net;62;123456789
María Fernanda Azcona Moreno;María Fernanda;74956533;20038097Z;653324;Tercero;E;Matriculado;2024;4/7/24;3;Fugiat dignissimos exercitationem iusto minus.;U;Callejón de Rosalinda Villa 11 Apt. 87 , Almería, 43815;43451;Cuenca;Burgos;Lugo;Burgos;Zimbabwe;31/12/80;94;Israel;+34 843 465 741;+34 717 748 420;cecilio20@example.net;Azcona;Moreno;María Fernanda;534-97-5658;Moya;Cal;Primitivo;Hombre;+34 720 93 11 69;bastidaleon@example.com;183-71-5127;Martí;Castro;Blanca;Hombre;+34 842271244;ctome@example.org;1;123456789
Silvia Pombo Blanch;Silvia;22051492;57926886Y;825261;Cuarto;D;Denegado;2024;18/4/24;1;Dolorum sint excepturi tempora.;U;Calle de Sosimo Rivera 96 Puerta 5 , Badajoz, 48368;15832;Las Palmas;Madrid;Huelva;Baleares;Bahrein;16/9/24;62;Camerún;+34874 227 926;+34 872150881;maristeladominguez@example.org;Pombo;Blanch;Silvia;888-16-1657;Cáceres;Serrano;Paulino;Hombre;34887551378;npineiro@example.com;468-56-5987;Salas;Mir;Odalis;Mujer;+34 943 90 94 53;benignopaniagua@example.net;10;123456789
Donato Flor Galan;Donato;38654039;60450700F;426786;Segundo;D;No matriculado;2024;9/6/24;2;Reprehenderit laboriosam veniam saepe.;M;Rambla Rita Peñalver 14 Puerta 5 , Granada, 38775;39790;Jaén;Cáceres;Vizcaya;Valladolid;Camerún;12/10/23;77;Líbano;+34946 12 43 25;+34 822 462 603;arteagaregulo@example.org;Flor;Galan;Donato;896-89-9238;Avilés;Palomares;Rodrigo;Mujer;+34 888 48 18 45;porcelsantiago@example.com;097-57-7606;Elías;Calvo;Hermenegildo;Hombre;+34971 23 82 82;anastasia05@example.com;1;123456789
Yolanda Cabanillas Calvo;Yolanda;71202577;26085105T;12206;Primero;E;En trámite;2024;5/6/24;2;Ipsum facilis fugiat nemo enim delectus.;U;C. de María Ángeles Valera 41 Apt. 36 , Badajoz, 38323;22363;Pontevedra;Burgos;Salamanca;Asturias;Tuvalu;17/1/07;5;México;+34 712 686 050;34887068322;maxi86@example.org;Cabanillas;Calvo;Yolanda;907-52-7400;Español;Perea;Humberto;Hombre;+34 945 111 226;estefaniaiborra@example.com;550-81-0711;Salcedo;Figueras;Javi;Hombre;+34974 39 79 89;rico79@example.net;40;123456789
Aarón Paniagua Abellán;Aarón;48113604;52126937J;735257;Tercero;C;No matriculado;2024;15/9/24;1;Laboriosam aspernatur quos quo natus fugiat.;M;Pasaje de Victoriano Saavedra 99, Vizcaya, 25794;44912;Madrid;Ciudad;Las Palmas;Zaragoza;Mónaco;6/11/08;89;Sudán del Sur;34920504321;+34 933095315;rosario93@example.org;Paniagua;Abellán;Aarón;383-10-1032;Santamaría;Codina;Fernanda;Hombre;+34 826 12 11 09;duranjoel@example.net;147-41-5510;Boix;Herranz;Ximena;Mujer;34747886384;dafnesalas@example.org;12;123456789
Daniel Borrell Casal;Daniel;8469027;73731438Q;695626;Segundo;E;No matriculado;2024;29/2/24;2;Nihil fuga repellendus.;F;Acceso de Marco Mena 24, Lleida, 12857;12747;Soria;Ourense;Cantabria;Cantabria;Grecia;13/4/00;16;Kenya;+34902 114 851;+34 943454892;andres-felipe13@example.net;Borrell;Casal;Daniel;824-87-6934;Nuñez;Frutos;Nidia;Hombre;+34807 027 050;mvall@example.net;656-28-4705;Flores;Pintor;Ciríaco;Mujer;+34984 16 89 71;atormo@example.net;42;123456789
Cipriano Orozco Hervia;Cipriano;62966943;62460287S;649407;Tercero;B;No matriculado;2024;26/9/24;2;Blanditiis ad excepturi autem.;U;Rambla Julio César Morante 282, Lleida, 21426;36247;Pontevedra;Vizcaya;Ciudad;Guipúzcoa;Islandia;19/7/20;46;Italia;+34924 16 59 95;+34 847 87 18 30;lopezmaria-pilar@example.net;Orozco;Hervia;Cipriano;633-07-3650;Arco;Zabala;Severiano;Mujer;+34706 853 303;montserratyaiza@example.com;585-50-7308;Menendez;Vall;Edelmiro;Hombre;+34 849735677;jessica42@example.com;67;123456789
Ligia Roca Tur;Ligia;55966448;11303258T;305683;Cuarto;E;En trámite;2024;16/6/24;2;Sunt labore dignissimos facere.;F;Cuesta Micaela Castell 95, Melilla, 01580;23731;Cádiz;Guipúzcoa;Alicante;Vizcaya;Noruega;15/6/11;71;República Federal Democrática de Nepal;+34 820339260;34988638460;leonardobaena@example.com;Roca;Tur;Ligia;106-25-0596;Terrón;Santamaria;Adán;Mujer;+34980 33 59 65;josefina62@example.com;528-46-4436;Chico;Prat;Edelmiro;Hombre;+34 817512938;azaharabenet@example.org;72;123456789
José María Bueno Amorós;José María;55038113;86135871C;411871;Quinto;A;Solicitado;2024;10/5/24;2;Illo aut fugiat eos sapiente.;U;Callejón de Octavia Palau 730 Piso 3 , Santa Cruz de Tenerife, 29594;30832;Zaragoza;Melilla;Álava;Ciudad;Argentina;11/4/71;16;Burundi;34871207037;+34 825 777 253;valeraflorencio@example.com;Bueno;Amorós;José María;895-10-6482;Pacheco;Agullo;Florencio;Hombre;+34 976144063;osanmiguel@example.org;276-16-7289;Pujadas;Carrillo;Félix;Mujer;34963954596;izquierdocarlota@example.net;89;123456789
Evelia Sainz Beltran;Evelia;26818876;71130762L;342983;Quinto;E;Denegado;2024;30/1/24;3;Deserunt unde numquam natus quisquam dignissimos.;F;Callejón Vidal Calderón 7 Puerta 6 , Sevilla, 01034;20745;Asturias;Valencia;Navarra;Guadalajara;República Centroafricana;2/1/84;34;Suiza;+34849 15 74 47;+34 928 85 83 77;jordanpili@example.com;Sainz;Beltran;Evelia;066-97-8281;Martinez;Estrada;Sergio;Mujer;+34 871293448;german25@example.com;418-69-5627;Cantero;Piña;Adoración;Mujer;+34924 105 192;edu95@example.net;44;123456789
Loida Granados Calderon;Loida;17125785;04339908S;384755;Segundo;A;En trámite;2024;28/4/24;2;Enim occaecati voluptatibus eveniet itaque.;F;Cañada Primitiva Cuevas 38 Apt. 61 , Córdoba, 14022;26046;Cantabria;Ávila;Palencia;La Rioja;Venezuela;30/3/99;62;Congo;+34 876 592 286;+34921 90 88 97;walter89@example.com;Granados;Calderon;Loida;077-71-5026;Nuñez;Llabrés;Octavio;Mujer;+34638 52 80 39;olivernando@example.net;279-03-6933;Mayol;Villar;Esteban;Hombre;34800515508;silvacipriano@example.com;40;123456789
Odalys Ferrán Martinez;Odalys;29258206;85309604M;710348;Quinto;B;Denegado;2024;21/6/24;2;Quam veritatis totam veritatis modi.;M;Pasaje de Ángeles Lladó 286, Guipúzcoa, 45995;46141;Barcelona;Teruel;Huesca;Cádiz;Saint Kitts y Nevis;30/6/99;68;Mauritania;+34879 229 000;+34 983100798;uuria@example.net;Ferrán;Martinez;Odalys;114-86-1648;Cuenca;León;Mar;Hombre;+34 972 93 87 13;murjuliana@example.org;822-89-8137;Campo;Enríquez;Cándida;Hombre;+34875 171 728;paulinamendez@example.net;97;123456789
Silvio Guzman Cadenas;Silvio;25226679;70029277G;775815;Quinto;A;Matriculado;2024;11/1/24;2;Labore quidem blanditiis.;U;Rambla Eusebia Vilar 57 Piso 5 , Soria, 43401;19002;Salamanca;Salamanca;Santa Cruz de Tenerife;Álava;Islas Salomón;22/3/82;11;Ghana;34827347585;+34943 405 738;salud77@example.org;Guzman;Cadenas;Silvio;127-01-6644;Rozas;Amor;Joaquín;Mujer;+34 871 10 55 77;valverdeaurelio@example.com;177-51-3403;Duran;Lillo;Luisina;Hombre;+34880 73 70 31;azaharamontalban@example.com;73;123456789
Cayetano Perales Vara;Cayetano;82833172;96108541M;217887;Tercero;D;En trámite;2024;8/1/24;1;Provident nulla laborum consequatur.;U;Callejón de Gabino Rios 4, Córdoba, 04971;43652;Santa Cruz de Tenerife;Soria;Castellón;Teruel;República de Corea;5/2/19;57;México;34702353113;+34986 550 738;teo02@example.com;Perales;Vara;Cayetano;139-93-5416;Carbonell;Bertrán;Gastón;Mujer;+34927 15 14 84;opalomares@example.net;515-62-3389;Vendrell;Garmendia;Alondra;Hombre;34983850562;mansoamerico@example.com;60;123456789
Dionisio Llabrés Guitart;Dionisio;28451836;89877591P;945514;Primero;A;Denegado;2024;19/5/24;1;Repellendus fugiat ex commodi ut beatae sint.;F;Paseo de Juanito Arellano 2 Piso 0 , Melilla, 45023;36651;Ávila;Asturias;Palencia;Cantabria;Noruega;19/2/70;22;República Democrática del Congo;+34713 482 201;+34 948 753 567;fcalvo@example.org;Llabrés;Guitart;Dionisio;784-47-4203;Bayona;Merino;Alfonso;Hombre;+34 879 364 194;febe99@example.net;767-99-7613;Gimenez;Calderon;Noa;Mujer;+34 728 331 270;ruanogenoveva@example.com;56;123456789
Estrella Palacio Rincón;Estrella;15941230;93504362R;289313;Segundo;E;No matriculado;2024;24/3/24;2;Dicta autem sit alias similique.;F;Paseo de José Luis Camino 120 Puerta 9 , Almería, 47842;09216;Zaragoza;Vizcaya;Guadalajara;Álava;Guinea Ecuatorial;1/8/74;59;República de Corea;+34922 04 21 79;+34923 74 20 16;eloysolsona@example.org;Palacio;Rincón;Estrella;669-88-9133;Miró;Montoya;Íngrid;Hombre;+34826 577 411;aurelio94@example.org;012-95-4028;Barral;Mendez;Alba;Hombre;+34845 241 184;bermudezsebastian@example.net;91;123456789
Américo Higueras Bilbao;Américo;88464727;84443220P;868720;Primero;D;En trámite;2024;10/7/24;1;Placeat nobis officia velit aperiam.;U;Calle Isa Valderrama 7 Piso 7 , Ceuta, 35226;29912;Madrid;Tarragona;Baleares;Álava;Belice;21/2/74;34;Serbia;34841459148;+34807 85 87 95;velazquezlucas@example.com;Higueras;Bilbao;Américo;560-82-0182;Nicolás;Arellano;Maxi;Mujer;+34880 889 796;manuelhilario@example.net;277-18-7427;Montalbán;Gual;Eric;Mujer;+34985 318 634;pablo23@example.org;85;123456789
Feliciano Morales Castells;Feliciano;37309784;35881628H;820487;Tercero;E;En trámite;2024;3/3/24;3;Ipsam eum doloribus atque eaque.;M;Acceso Jesús Ayala 631 Puerta 0 , Girona, 10798;18214;Lugo;Granada;Alicante;Álava;Egipto;19/1/15;65;Liberia;+34927 24 79 15;+34 957 309 692;borrelltrinidad@example.org;Morales;Castells;Feliciano;360-54-2032;Ramis;Infante;Miguela;Mujer;+34943 99 91 51;mirtabastida@example.net;690-31-0910;Barbero;Gonzalo;Fanny;Mujer;+34 718746932;aurelia33@example.net;10;123456789
Cristina Quintero Trillo;Cristina;37822828;25511555R;155795;Tercero;C;Denegado;2024;21/6/24;3;In mollitia sit necessitatibus.;M;Plaza Mateo Mármol 82, Melilla, 06932;44487;Lleida;Asturias;Valladolid;Girona;Estados Unidos de América;29/4/85;76;China;+34922 585 138;+34 874167048;amariscal@example.org;Quintero;Trillo;Cristina;016-41-9822;Mendoza;Hierro;Josué;Mujer;+34 928 928 688;umari@example.com;119-72-8993;Rivero;Esteve;Elena;Mujer;+34900 60 08 54;jbeltran@example.net;69;123456789
Leonardo Serrano Hernández;Leonardo;90457138;78258887F;745529;Primero;D;Matriculado;2024;18/8/24;3;Molestiae animi ut cumque quo optio dolore.;M;Pasadizo de Jose Francisco Andrés 55, Santa Cruz de Tenerife, 09443;30773;La Coruña;Pontevedra;Alicante;Ávila;Rumania;13/4/89;89;Jamaica;+34 949 85 38 41;+34 807278838;maria-angelesbenavente@example.net;Serrano;Hernández;Leonardo;963-74-2098;Escalona;Avilés;Flavio;Hombre;+34 827 122 592;acarmona@example.org;065-31-3040;Sánchez;Benet;Victorino;Hombre;+34948 28 48 73;blanca82@example.net;14;123456789
Modesto Castellanos España;Modesto;66890534;98027993S;743991;Quinto;C;Denegado;2024;2/6/24;1;Reiciendis magni ea illum unde.;F;Camino de Jose Francisco Chaves 1, Alicante, 05620;35174;Sevilla;Álava;Córdoba;Guipúzcoa;Kirguistán;28/4/23;56;Vanuatu;+34 811 148 091;+34 845 070 395;gotero@example.net;Castellanos;España;Modesto;029-02-4952;Martinez;Olivares;Bernardita;Mujer;+34948 866 682;priegofebe@example.net;742-96-8691;Villa;Polo;Corona;Mujer;+34 822355650;baltasarmenendez@example.com;45;123456789
Jose Luis Pera Pino;Jose Luis;26171164;44622187W;623973;Primero;B;Denegado;2024;30/9/24;2;Officiis repudiandae cum.;U;Avenida Gracia Conesa 2 Apt. 11 , Tarragona, 01559;41173;Huesca;La Coruña;Soria;Ceuta;Nicaragua;2/1/08;14;Emiratos Árabes Unidos;+34 980 790 047;+34979 67 42 81;zorrillacharo@example.org;Pera;Pino;Jose Luis;314-42-4622;Santamaria;Cárdenas;Ágata;Hombre;+34848 77 40 91;miguelhurtado@example.com;554-43-7951;Cabeza;Sancho;Patricia;Hombre;+34 842 633 999;rinconbrigida@example.org;49;123456789
Morena Torrecilla Benavent;Morena;17366695;99746741L;955286;Tercero;B;Solicitado;2024;11/7/24;3;Pariatur adipisci dolore eveniet aut architecto.;U;Plaza de Anna Hervás 90, Huelva, 34879;34556;Soria;Burgos;Ceuta;Murcia;Austria;16/4/84;2;Chipre;+34 872131587;+34933 555 623;nogueraonofre@example.org;Torrecilla;Benavent;Morena;753-18-8395;Pastor;Godoy;Joel;Mujer;+34985 968 306;ncollado@example.net;503-27-1428;Villalobos;Cano;Mariano;Hombre;+34884 095 323;amelia38@example.net;39;123456789
Eli Caro Sanabria;Eli;14226086;92408653N;353868;Segundo;E;Matriculado;2024;18/2/24;1;Sint quaerat officia. Quo porro id.;M;Pasaje Segismundo Ros 12 Apt. 62 , Teruel, 07887;16487;Ourense;Navarra;Lugo;Jaén;Ucrania;25/10/10;70;Mali;+34 987 47 92 55;+34 834790604;constanza20@example.net;Caro;Sanabria;Eli;197-26-1552;Boix;Sanz;Pepita;Hombre;+34923 13 84 79;xleon@example.net;621-64-2246;Tello;Cobos;Alejandro;Mujer;+34 982 94 11 13;jpatino@example.com;49;123456789
Lourdes Sanabria Abella;Lourdes;4640940;17147572Z;443209;Tercero;D;Solicitado;2024;12/9/24;1;Tenetur unde nihil quam quaerat molestiae non.;M;Via de Heliodoro Barrio 2, Baleares, 36682;38270;Alicante;Murcia;Ávila;León;Indonesia;9/5/23;31;Bangladesh;+34945 46 88 64;+34 971622752;ramon27@example.com;Sanabria;Abella;Lourdes;070-99-9415;Hoz;Canales;Alonso;Mujer;34741554171;marcialortega@example.org;823-80-1290;Porras;Santamaria;Obdulia;Mujer;34947576855;kperalta@example.net;36;123456789
Prudencio Oliver Artigas;Prudencio;48200644;18560973L;611732;Segundo;B;En trámite;2024;26/2/24;2;Unde a ut ipsum. Illo doloremque ullam quidem.;M;Cuesta de Juan Manuel Ramírez 842 Piso 1 , Alicante, 27746;27220;Ourense;Almería;Tarragona;Barcelona;Lesotho;6/2/05;1;Sudán del Sur;+34888 07 87 06;+34 911 36 97 10;mvizcaino@example.com;Oliver;Artigas;Prudencio;908-65-5225;Lorenzo;Ramos;Diana;Mujer;+34926 70 43 22;loidamurcia@example.com;374-14-8597;Abad;Llobet;Roberto;Hombre;+34 921819004;nataliasegura@example.com;99;123456789
Clotilde Barco Collado;Clotilde;33698191;94156123B;693305;Tercero;B;Solicitado;2024;6/4/24;3;Possimus omnis molestias vitae atque.;M;Avenida Felipe Arévalo 662, Valencia, 33501;36440;Navarra;Ourense;Granada;Murcia;Pakistán;8/1/70;59;Estonia;+34947 84 90 17;34844609774;baltasar66@example.com;Barco;Collado;Clotilde;493-80-9150;Alsina;Coello;José;Hombre;+34 976 820 626;veronica84@example.com;840-48-7483;Sastre;Sales;Manuel;Hombre;+34 976334895;abellannarciso@example.com;41;123456789
Daniela Mancebo Gibert;Daniela;6701164;33296019T;947264;Tercero;E;No matriculado;2024;11/7/24;3;Magni quas atque sapiente.;M;Pasaje de Feliciano Marí 3, Las Palmas, 48502;34910;Alicante;Palencia;Córdoba;La Coruña;Panamá;13/5/00;1;Gambia;+34947 24 82 04;+34 859 517 492;pelayocustodio@example.org;Mancebo;Gibert;Daniela;130-38-4161;Sans;Baeza;Soraya;Mujer;+34 927 576 139;gasconclemente@example.net;240-34-5477;Fernandez;Serra;Mauricio;Mujer;+34 839 51 63 93;sabatergaspar@example.org;6;123456789
Isaías Pardo Sevillano;Isaías;9590578;12328612Z;526754;Tercero;A;Solicitado;2024;4/2/24;1;Quisquam nemo voluptatum magni quo illo.;U;Cuesta Marina Losada 849 Puerta 8 , Girona, 50252;21559;Baleares;Tarragona;Guipúzcoa;Asturias;Grecia;14/1/89;59;Austria;+34 807 639 310;34883770711;valero62@example.net;Pardo;Sevillano;Isaías;089-16-6413;Barroso;Sanjuan;Amando;Hombre;+34 843945907;chelopaz@example.com;557-67-0393;Galán;Machado;Prudencio;Mujer;34982779643;correamontserrat@example.net;56;123456789
Pascuala Esteban Andrés;Pascuala;65148901;77140474S;957289;Tercero;E;No matriculado;2024;14/9/24;2;Est possimus corporis quas delectus aliquid nam.;F;Pasaje Reinaldo Canet 54 Apt. 84 , Asturias, 10076;06048;Murcia;Lleida;Ávila;Teruel;República de Macedonia del Norte;6/6/73;88;Kirguistán;+34 924135039;34900705760;duenascleto@example.org;Esteban;Andrés;Pascuala;650-33-4102;Arregui;Calzada;María Teresa;Mujer;+34 867898094;jose-ramonmiralles@example.com;621-74-2593;Farré;Bueno;Eutimio;Mujer;+34942 485 777;belenabellan@example.com;12;123456789
Lucila Verdú Carnero;Lucila;86619180;78155813L;243518;Primero;E;Matriculado;2024;5/4/24;3;Nulla pariatur maiores quidem dolores earum fuga.;F;Ronda de Francisco Alemany 52, Murcia, 20798;03843;Baleares;Córdoba;Palencia;Badajoz;Guinea Bissau;19/5/99;85;Montenegro;+34887 212 139;+34 981 784 847;victor-manuellarrea@example.org;Verdú;Carnero;Lucila;842-20-7493;Fernandez;Vigil;Alicia;Hombre;34980651143;jose-antonioaleman@example.net;024-85-6836;Martínez;Morante;Rosario;Mujer;34828807408;javierbenitez@example.org;34;123456789
Prudencio Escudero Villar;Prudencio;81289399;79964205J;990663;Tercero;B;En trámite;2024;27/2/24;3;Quisquam deserunt ratione dolores. Aut animi eum.;M;Vial Maricruz Farré 776 Apt. 09 , Asturias, 33064;13645;Zaragoza;Burgos;Cádiz;Asturias;Afganistán;15/2/16;68;Djibouti;+34 978133613;+34 975 990 432;jllano@example.net;Escudero;Villar;Prudencio;860-89-6943;Agustí;Cervera;Adela;Mujer;+34887 438 942;severo99@example.net;292-08-2169;Villalba;Vall;Isaura;Mujer;+34 973741564;borjaosvaldo@example.com;8;123456789
Celia Borja Duran;Celia;20516669;16103891G;515965;Tercero;D;Matriculado;2024;16/8/24;1;Asperiores molestiae quidem delectus.;M;Pasadizo de Eloy Páez 84 Puerta 7 , Murcia, 27618;05843;Cantabria;Soria;Barcelona;Vizcaya;Camerún;23/1/05;75;Vietman;34944200360;+34 726 66 71 45;rvara@example.net;Borja;Duran;Celia;473-32-2928;Burgos;Perelló;Lucía;Hombre;+34866 535 342;pgras@example.com;069-34-1447;Garcia;Lago;María Fernanda;Mujer;+34 841 441 605;galvezjacobo@example.org;89;123456789
Carmina Patiño Paredes;Carmina;62628605;44283462K;187450;Tercero;A;Denegado;2024;10/7/24;3;Fuga harum minus.;U;Glorieta de Rufina Rodriguez 66 Apt. 41 , Zaragoza, 50317;34394;Madrid;Málaga;Jaén;Guadalajara;Jamaica;11/11/87;77;Islandia;+34 967355707;34884172944;felicia28@example.com;Patiño;Paredes;Carmina;878-93-2607;Alcázar;Palma;Ceferino;Mujer;34981863178;allermoises@example.net;590-10-3095;Bustos;Colomer;Alondra;Mujer;+34 875745625;armida53@example.org;68;123456789
Alma Gárate González;Alma;25795433;89001911F;211834;Cuarto;B;Matriculado;2024;11/2/24;2;Harum vitae pariatur corporis illo.;F;Pasaje de Luciano Arco 96, Toledo, 07513;30086;Navarra;Cádiz;Cantabria;Valencia;Maldivas;8/12/82;65;Vanuatu;+34 844 57 30 28;34844604142;agueda52@example.com;Gárate;González;Alma;472-42-7699;Olmo;Bueno;Marisela;Hombre;+34921 473 909;carmeloamor@example.org;382-05-6541;Peña;Palacio;Arsenio;Mujer;34941293878;maximinocamara@example.org;35;123456789
Chus Valle Donaire;Chus;51772445;08307814F;839135;Quinto;D;No matriculado;2024;15/3/24;2;Aperiam provident nobis pariatur.;F;Ronda Humberto Amigó 6 Puerta 0 , Castellón, 47650;24614;Girona;Soria;La Rioja;Córdoba;Egipto;11/6/94;86;Túnez;+34 877428991;+34944 808 786;yalberto@example.org;Valle;Donaire;Chus;654-53-6789;Segura;Cabrera;Adalberto;Hombre;+34 920 65 75 55;feliciabertran@example.org;954-44-7249;Farré;Cano;Desiderio;Mujer;+34 803868330;arenasyaiza@example.com;8;123456789
Aurelio Barco Baena;Aurelio;28129491;69862494V;27526;Cuarto;D;No matriculado;2024;27/5/24;2;Eos eum iste nobis. Amet quod consectetur maxime.;M;Rambla de Mirta Ugarte 94, Baleares, 31486;10726;Lugo;Toledo;Granada;Huesca;Bulgaria;30/4/82;69;Alemania;34923253857;+34822 03 89 64;adanbeatriz@example.com;Barco;Baena;Aurelio;706-54-8621;Boada;Abella;Gertrudis;Mujer;+34842 94 28 82;leoncio96@example.com;049-29-6863;Pastor;Benitez;Reinaldo;Mujer;34971810083;jose-luiscalderon@example.com;76;123456789
Severiano Cisneros Torre;Severiano;98411504;85460831F;681372;Cuarto;E;No matriculado;2024;14/2/24;1;Ipsa corrupti nesciunt.;M;Paseo de Germán Mate 18, Sevilla, 17815;42875;Badajoz;Lleida;Huesca;Melilla;Mozambique;16/4/14;20;Suiza;34851723411;+34 879 388 521;boschgraciela@example.net;Cisneros;Torre;Severiano;847-89-6688;Granados;Castelló;Liliana;Mujer;34853698237;ppinol@example.org;519-92-1877;Sevilla;Calvet;Leoncio;Mujer;+34825 089 452;demetrioroig@example.com;52;123456789
Francisco Rodrigo Martorell;Francisco;25358885;78894880G;118507;Tercero;B;Solicitado;2024;25/9/24;1;Atque deserunt nulla dignissimos veniam.;M;Cañada Lara Vendrell 94, Segovia, 49282;35407;Álava;Sevilla;Lugo;Baleares;Bahamas;20/5/03;39;Ghana;+34986 59 93 92;34980353221;blancamarta@example.org;Rodrigo;Martorell;Francisco;364-50-3706;Zurita;Valentín;Erasmo;Mujer;34838470063;edelmirodaza@example.org;600-45-5167;Morante;Angulo;Vicenta;Mujer;+34927 22 84 82;miguelmiguel@example.org;56;123456789
Tere Bastida Jimenez;Tere;62071248;73478073L;203142;Cuarto;B;No matriculado;2024;9/7/24;1;Sint sit eveniet animi.;U;Avenida Amanda Gras 13 Puerta 1 , Murcia, 21334;08644;Lleida;Teruel;La Rioja;Vizcaya;República Árabe Siria;24/12/75;3;República Popular Democrática de Corea;34884624393;34979628643;vaqueroalejandro@example.com;Bastida;Jimenez;Tere;163-55-5108;Sancho;López;Máxima;Hombre;+34823 735 916;jsarabia@example.org;901-79-6645;Llorente;Cabrero;Olalla;Mujer;34882152394;vpalacios@example.com;51;123456789
Vito Santamaria Baquero;Vito;27143942;62172653L;386936;Tercero;B;No matriculado;2024;15/5/24;2;Eos beatae excepturi. Veritatis corrupti odio.;U;Pasaje de Catalina Cadenas 1, León, 51327;14856;Girona;Murcia;Santa Cruz de Tenerife;León;Djibouti;4/5/80;23;Croacia;+34 981616049;+34 807 92 09 94;kalfonso@example.org;Santamaria;Baquero;Vito;031-18-5845;Galan;Pozuelo;Jordán;Mujer;+34 820 69 38 00;aurearodenas@example.net;648-86-5654;Meléndez;Arrieta;Jafet;Hombre;+34 878 956 567;arenasteresita@example.org;43;123456789
Alberto Moll Monreal;Alberto;64281914;22567991T;238066;Segundo;D;No matriculado;2024;4/9/24;1;Accusamus cum magni sapiente saepe.;M;Glorieta de Leandro Nieto 80, La Rioja, 02738;40632;Ávila;Toledo;Barcelona;Pontevedra;Reino Unido de Gran Bretaña e Irlanda del Norte;5/6/75;95;Timor-Leste;+34 976 72 83 62;+34 983820261;azorinpaola@example.net;Moll;Monreal;Alberto;368-57-9187;Ponce;Ángel;Vicenta;Mujer;+34981 73 55 69;talaverarocio@example.org;860-71-2299;Barrios;Escamilla;Pía;Mujer;+34 843 586 049;gironaesther@example.com;17;123456789
Goyo Villaverde Vaquero;Goyo;87169874;03535939B;743894;Primero;B;En trámite;2024;24/9/24;1;Expedita dolorem quas harum similique.;M;Rambla de Georgina Ugarte 80, Baleares, 23735;01921;Albacete;Sevilla;La Rioja;Guipúzcoa;Turquía;10/10/09;38;Botswana;+34 887 08 17 34;+34974 87 50 93;lupita23@example.net;Villaverde;Vaquero;Goyo;267-98-9811;Mur;Molina;Cristian;Mujer;+34 847 56 91 11;jose-carlosatienza@example.net;782-45-8541;Narváez;Torrents;Maxi;Hombre;+34 825966950;chusasenjo@example.net;49;123456789
Gabino Canals Carrillo;Gabino;715392;27343249K;570045;Tercero;A;En trámite;2024;30/7/24;2;Odio quo perferendis voluptate.;F;Paseo Leyre Criado 451 Apt. 83 , Granada, 33954;01042;Salamanca;Cantabria;Sevilla;Cáceres;Senegal;11/1/93;33;Suriname;+34 874 845 119;+34982 43 30 63;santon@example.org;Canals;Carrillo;Gabino;983-46-4116;Sastre;Estrada;Alonso;Mujer;+34 806 148 956;rsantamaria@example.net;102-14-8850;Sáez;Montoya;José Luis;Mujer;+34 843 39 86 09;elviraroldan@example.com;1;123456789
Pastora Solera Gallego;Pastora;55358709;77731956Y;20652;Segundo;A;En trámite;2024;4/7/24;2;Odit debitis neque qui.;F;Alameda Amando Domingo 788, La Coruña, 09547;36737;Lleida;Ourense;Zamora;Segovia;Uruguay;24/10/94;83;Iraq;+34 921550550;+34651 21 31 20;oliveguadalupe@example.com;Solera;Gallego;Pastora;692-51-8302;Feliu;Lobo;Lupe;Mujer;+34 827915613;mayobalduino@example.org;312-71-6977;Toro;Escolano;Jacobo;Hombre;+34982 407 277;leoncioaguado@example.net;51;123456789
Martina Pinedo Mata;Martina;85078778;78025083K;872659;Cuarto;A;No matriculado;2024;17/2/24;2;Eligendi illum eligendi cupiditate.;M;Via de Eric Silva 9 Piso 0 , La Coruña, 37756;23173;Melilla;Huelva;Valencia;Valladolid;Indonesia;16/11/06;7;Santa Lucía;34888168136;+34917 270 155;yasensio@example.com;Pinedo;Mata;Martina;460-14-6013;Saavedra;Téllez;Nazaret;Hombre;+34981 860 278;fernanda72@example.net;467-22-4820;Arias;Berenguer;Bruno;Hombre;+34826 71 59 22;tatiana23@example.com;6;123456789
Fanny Sandoval Ríos;Fanny;16231210;55841113B;232631;Segundo;E;Solicitado;2024;31/1/24;3;Modi eligendi ratione adipisci.;F;Calle Nerea Aguado 2 Apt. 48 , Ceuta, 37931;29227;Lugo;Madrid;Huelva;Cáceres;India;27/8/94;7;Honduras;34823672720;34842854815;aureliaalbero@example.org;Sandoval;Ríos;Fanny;585-75-6463;Amigó;Barral;Prudencio;Hombre;+34987 693 680;pgonzalez@example.com;389-27-0531;Marcos;Álvaro;Hortensia;Hombre;+34 848667693;teofilotovar@example.net;95;123456789
Wilfredo Martin Echevarría;Wilfredo;63735169;02650590R;693138;Tercero;D;No matriculado;2024;30/9/24;1;Velit iusto sint aperiam ipsam qui.;U;Pasaje Amado España 5 Puerta 5 , Ávila, 03105;46999;Lugo;Baleares;Segovia;Valencia;Sudáfrica;24/5/74;26;Angola;+34923 72 12 57;+34851 82 58 83;catalanoe@example.com;Martin;Echevarría;Wilfredo;639-80-2067;Guitart;Solís;Paulino;Hombre;+34925 95 47 56;severo33@example.net;165-22-4540;Morales;Barceló;Íñigo;Hombre;34823008707;urocamora@example.com;78;123456789
Rosenda Roura Cerezo;Rosenda;80377232;36381737S;426756;Segundo;D;En trámite;2024;17/2/24;2;Natus corrupti inventore ipsum nemo amet est.;M;Via Salomé Galan 49 Puerta 2 , Lugo, 40836;39064;Alicante;Almería;Melilla;La Rioja;Libia;23/1/72;76;San Vicente y las Granadinas;+34 846 48 26 97;+34 825 41 00 37;barco@example.org;Roura;Cerezo;Rosenda;029-66-1406;Valbuena;Pozuelo;Valentina;Mujer;+34977 50 49 48;mauricio52@example.com;009-99-2408;Moreno;Villalonga;Carolina;Hombre;+34 885289085;silvestrealcazar@example.org;69;123456789
Cloe Sans Teruel;Cloe;79256507;86065720L;882722;Segundo;C;Solicitado;2024;17/9/24;3;Voluptatem possimus modi.;M;Vial Samuel Quero 47, Huesca, 38390;43600;Ciudad;Vizcaya;Málaga;Soria;Côte d'Ivoire;26/6/97;39;Ucrania;+34979 428 938;+34 988 814 096;panfilo70@example.org;Sans;Teruel;Cloe;453-06-0584;Ruano;Ortuño;Encarnacion;Mujer;+34900 525 856;pablo51@example.com;986-17-5988;Rosselló;Valera;Ana;Mujer;+34 976 09 90 22;genovevamur@example.net;32;123456789
Jordán Azcona Solé;Jordán;86949657;81042715F;663352;Tercero;B;En trámite;2024;28/2/24;3;Neque laborum inventore ratione maiores.;F;Cañada de Silvia Real 72, Girona, 50213;16487;Álava;Alicante;Teruel;Asturias;Omán;10/11/20;57;Dominicana;+34 807 18 16 96;+34 901691366;qrozas@example.com;Azcona;Solé;Jordán;560-53-3336;Salcedo;Ferrero;Josué;Mujer;+34700 89 97 71;cfabregas@example.com;687-43-0945;Paniagua;Cañizares;Ximena;Mujer;+34828 201 182;turrosalia@example.net;35;123456789
Apolinar Goñi Moraleda;Apolinar;95984854;86404113J;663621;Cuarto;B;Denegado;2024;17/9/24;2;Quia illo maxime veritatis possimus.;M;Urbanización de Íñigo Sales 597 Piso 3 , Zaragoza, 16545;03159;Cáceres;Ourense;Lleida;Álava;Islas Marshall;9/1/77;33;Perú;+34931 487 568;+34 845701519;arturo13@example.org;Goñi;Moraleda;Apolinar;669-15-3491;Guijarro;Chaparro;Leocadia;Hombre;+34 978 174 387;leyresegui@example.com;030-78-8792;Sancho;Alsina;Hilario;Mujer;+34 872 56 98 82;nereida66@example.net;55;123456789
Erasmo Baró Carrera;Erasmo;25909582;09081629X;869337;Quinto;D;En trámite;2024;25/1/24;3;Porro dolorem fuga. Quod cum dolore.;M;Vial Lupe Valencia 27 Apt. 09 , Albacete, 42371;22946;Baleares;Cuenca;Barcelona;Zamora;Gambia;11/7/02;15;Trinidad y Tabago;+34 914 821 608;+34842 031 477;fabiola80@example.org;Baró;Carrera;Erasmo;840-12-3790;Sedano;Palomo;Candelario;Hombre;+34730 160 989;anastasiomanzano@example.com;663-19-3497;Guerrero;Bermudez;Maristela;Hombre;+34 730473495;amordionisia@example.net;65;123456789
Lorenza Piña Carrera;Lorenza;3892549;72154022D;614381;Quinto;C;Solicitado;2024;9/8/24;3;In ea in earum.;U;Glorieta Geraldo Maestre 60 Apt. 75 , La Coruña, 06174;17756;Teruel;Valladolid;Huelva;Valladolid;Azerbaiyán;10/3/17;5;Croacia;+34 803 074 755;+34 949102985;carlitocerro@example.net;Piña;Carrera;Lorenza;183-33-0940;Rosales;Ramis;Eli;Mujer;+34901 929 951;porteroema@example.org;801-04-0765;Frutos;Zabaleta;Marisa;Mujer;+34 881 781 179;yustemacario@example.com;41;123456789
Teobaldo Gárate Baró;Teobaldo;3721462;89157108T;33734;Quinto;B;Denegado;2024;16/3/24;1;Ipsa mollitia eius eaque.;U;Ronda de Nydia Hurtado 72, Salamanca, 03539;25615;Ciudad;Sevilla;Teruel;Huesca;Bangladesh;14/10/03;74;Santo Tomé y Príncipe;+34984 754 488;+34 951213741;jeremiasibanez@example.com;Gárate;Baró;Teobaldo;068-22-7600;Redondo;Carrillo;Adelia;Hombre;+34878 49 24 16;angelmaximino@example.com;884-84-1258;Blanch;Cuesta;José;Hombre;34923465016;xaviervalencia@example.org;17;123456789
Carmen Fortuny Diaz;Carmen;40342378;59394326T;56456;Cuarto;B;En trámite;2024;18/6/24;3;Accusamus in quas facere.;F;Camino Eloísa Tirado 72, Huesca, 30149;25133;Jaén;Albacete;Valencia;Girona;Somalia;19/10/81;52;Mónaco;34800288725;+34 987 36 97 73;rsamper@example.com;Fortuny;Diaz;Carmen;466-54-3521;Gutiérrez;Villar;Maite;Mujer;+34844 04 73 89;icoca@example.com;179-63-6127;Ruano;Araujo;Leyre;Hombre;+34 927 213 112;valverdealexandra@example.net;56;123456789
Rodrigo Falcón Fabregat;Rodrigo;17761472;86484606Y;952876;Tercero;D;Solicitado;2024;5/5/24;1;Odit itaque officia sed magni totam maiores.;F;Paseo Guiomar Colomer 84, Almería, 38258;30077;Alicante;Córdoba;Salamanca;Cádiz;Colombia;19/10/16;74;Rumania;+34871 22 40 12;+34846 32 64 20;teodosiocalderon@example.com;Falcón;Fabregat;Rodrigo;440-43-8031;Arias;Aguado;Julio César;Mujer;+34 845 54 26 16;roldansalazar@example.com;252-28-4006;Amador;Uriarte;Manuel;Mujer;+34843 559 597;cvalera@example.com;51;123456789
Ana Belén Viñas Ríos;Ana Belén;97945618;94840417D;718541;Cuarto;A;Matriculado;2024;23/9/24;3;Eligendi non unde necessitatibus perferendis.;F;Rambla de Maxi Prada 89 Puerta 0 , Alicante, 52094;27284;Cantabria;Teruel;Ourense;La Rioja;Tayikistán;3/11/71;93;Comoras;+34 945 20 28 90;+34884 40 69 10;enriquezregina@example.net;Viñas;Ríos;Ana Belén;393-39-0764;Fábregas;Benavente;Jose Ignacio;Hombre;+34 828943688;elias49@example.com;924-01-6344;Cornejo;Téllez;Lilia;Hombre;+34 677489884;vazquezjosefa@example.com;10;123456789
Moreno Ibarra Muñoz;Moreno;8442144;46434306C;470805;Quinto;A;No matriculado;2024;27/8/24;3;Magnam rerum ipsam quia labore nulla alias.;M;Cuesta Celestino Blanca 662 Apt. 05 , Lugo, 48639;24295;Soria;Castellón;Ceuta;Granada;Malawi;26/8/80;82;Egipto;+34 828 36 41 32;+34749 53 62 77;ylloret@example.net;Ibarra;Muñoz;Moreno;865-63-7139;Zorrilla;Lago;Baltasar;Hombre;+34 980 509 806;maldonadosofia@example.net;194-46-4569;Sanz;Cañizares;Custodia;Hombre;+34944 351 371;mercedes41@example.com;71;123456789
Trini Arjona Sala;Trini;4570932;80315405A;537380;Quinto;A;Denegado;2024;12/2/24;3;Est voluptates odit harum iste.;M;C. de Modesta Acedo 88 Apt. 41 , Palencia, 19321;49703;Teruel;Cantabria;Badajoz;Cantabria;Azerbaiyán;19/8/88;61;Albania;+34 800 264 522;+34 815 24 44 09;fusterlaura@example.com;Arjona;Sala;Trini;058-24-9208;Osuna;Cortes;Angelino;Mujer;+34 806186729;vcaro@example.com;662-67-6964;Aragón;Villalba;Domingo;Hombre;+34 842672695;gibarra@example.org;94;123456789
Sebastian Calderón Vall;Sebastian;99654458;89939842K;448461;Segundo;E;Matriculado;2024;27/8/24;1;Commodi tempore error omnis perspiciatis ab esse.;M;Vial Poncio Ramirez 162 Piso 0 , La Rioja, 49903;01869;Guadalajara;Palencia;Ávila;Tarragona;Nicaragua;15/1/00;88;Letonia;+34 975 025 254;+34 887490480;lorenzoagusti@example.com;Calderón;Vall;Sebastian;883-30-2272;Capdevila;Iñiguez;Yolanda;Hombre;+34 746664972;riberarosario@example.com;422-06-7552;Bonilla;Cortina;Rufina;Mujer;+34 901 962 299;baqueroleopoldo@example.net;31;123456789
Consuela Mariscal Vila;Consuela;51615903;11060437J;607109;Cuarto;D;Denegado;2024;16/6/24;2;Quia maxime expedita laudantium.;U;Pasaje Víctor Álamo 305, Álava, 07891;32289;Álava;Huelva;Santa Cruz de Tenerife;Burgos;Japón;11/3/09;46;Kuwait;+34 965114866;34875645646;duranabril@example.org;Mariscal;Vila;Consuela;451-91-4053;Giralt;Casals;Estefanía;Hombre;+34901 963 549;luis40@example.net;344-79-0728;Soto;Gallego;Toribio;Mujer;+34806 311 956;jaumerafael@example.org;84;123456789
Prudencia Valcárcel Palmer;Prudencia;69815395;99097988G;411513;Quinto;B;Denegado;2024;31/1/24;3;Doloremque cumque aliquam veritatis nam.;F;Ronda de Carmina Nogués 7, Asturias, 25428;45461;Badajoz;Ávila;Cáceres;Huesca;Bélgica;21/3/71;29;Guyana;+34 923 271 198;+34 828445262;evera@example.com;Valcárcel;Palmer;Prudencia;754-91-3183;Navas;Falcó;Cristóbal;Hombre;+34848 61 08 75;alfonso91@example.com;649-24-7401;Verdugo;Báez;María Belén;Hombre;+34921 794 163;jose-franciscosaez@example.net;14;123456789
Mariana Estevez Cabañas;Mariana;6442528;68399968S;905911;Primero;E;Solicitado;2024;15/5/24;3;Qui iusto at rem. Provident cum vel voluptatum.;M;Plaza Pastor Tejero 51 Puerta 6 , Huesca, 35893;15116;Soria;Córdoba;Jaén;Valencia;Noruega;7/7/11;35;Palau;34682957586;+34978 686 620;jordanaboix@example.net;Estevez;Cabañas;Mariana;033-77-3005;Castañeda;Luz;Otilia;Mujer;+34972 65 96 98;redondoisabel@example.net;177-63-6696;Narváez;Torralba;Úrsula;Hombre;+34 982874682;ymesa@example.net;19;123456789
Eusebio Marqués Roura;Eusebio;79376030;65419014E;231977;Segundo;A;En trámite;2024;21/2/24;2;Odio fugiat porro fugit quasi deleniti quod.;U;Paseo de Modesta Sainz 640 Piso 6 , Navarra, 10783;24983;Las Palmas;Jaén;Córdoba;Badajoz;Ucrania;9/1/22;60;República de Macedonia del Norte;+34 972 464 850;+34846 593 641;qochoa@example.org;Marqués;Roura;Eusebio;706-03-9491;Lasa;Amigó;Adela;Hombre;34922160207;felicianaballesteros@example.com;723-60-5151;Alcántara;Bárcena;Leandro;Mujer;+34874 513 356;floracoca@example.com;22;123456789
Fulgencio Carranza Landa;Fulgencio;19912370;47223492F;407469;Cuarto;C;No matriculado;2024;29/5/24;2;Beatae aut error iste. Doloribus ea hic.;M;Pasaje de Primitivo Romero 53, Tarragona, 13626;17290;Albacete;Zamora;Zamora;Melilla;Japón;9/2/78;73;Gambia;+34 845 07 14 42;+34884 95 72 90;bmendizabal@example.com;Carranza;Landa;Fulgencio;239-63-6149;Cepeda;Somoza;Demetrio;Hombre;34971399150;maria-del-carmenllanos@example.net;859-23-9613;Briones;Cervera;Ariel;Hombre;+34900 025 496;marinojove@example.org;28;123456789
Itziar Figueras Montenegro;Itziar;36192398;64911470L;625367;Segundo;A;En trámite;2024;14/1/24;1;Deleniti expedita magni vero qui officiis.;U;Paseo Nicolasa Alberdi 20 Puerta 2 , Sevilla, 39660;15078;Vizcaya;Álava;Cantabria;Granada;Ghana;11/1/01;51;Burkina Faso;+34 946 93 49 24;+34 803 546 047;loida69@example.net;Figueras;Montenegro;Itziar;638-11-3882;Leiva;Company;Rogelio;Hombre;34841105721;collamador@example.net;236-89-0421;Benítez;Fiol;Maristela;Mujer;34721862129;amarmol@example.com;25;123456789
Hipólito Patiño Moraleda;Hipólito;93811351;09492021J;750819;Primero;E;Solicitado;2024;19/9/24;2;Cumque maxime non a officia reiciendis.;F;Rambla María Teresa Viña 50, Salamanca, 46696;33045;Málaga;Valladolid;Lleida;Lugo;Ghana;14/2/03;60;Bosnia y Herzegovina;+34 842 01 50 38;+34 923801803;alcaldemargarita@example.org;Patiño;Moraleda;Hipólito;345-51-9385;Mayo;Molins;Pepe;Hombre;+34 887690888;tormojesus@example.net;535-67-1194;Ortiz;Muro;Gabriela;Hombre;+34 875 08 84 59;zgarmendia@example.org;29;123456789
Natividad Tejedor Marí;Natividad;42837037;65538731R;846267;Cuarto;E;En trámite;2024;23/1/24;3;Nemo deleniti non cum cumque optio.;F;Paseo de Isidro Elías 8, Valladolid, 38595;35268;Pontevedra;Cádiz;Valencia;León;Belarús;13/8/88;76;Dominicana;+34 822541755;+34973 24 22 20;riveramaria-manuela@example.com;Tejedor;Marí;Natividad;660-69-5964;Villa;Vizcaíno;Pío;Mujer;+34871 55 28 27;yrios@example.com;458-34-8015;Ávila;Espinosa;Sandra;Hombre;34975080959;luzisaias@example.net;58;123456789
Álvaro Haro Tapia;Álvaro;13665160;36269968A;88517;Quinto;A;Matriculado;2024;27/3/24;2;Perspiciatis aspernatur sint accusamus.;M;Pasaje de Olivia Montero 3, Melilla, 14733;16166;Ceuta;Badajoz;Málaga;Baleares;Guinea Bissau;13/3/96;73;Lesotho;+34 727 01 58 31;34806553012;arranzanselmo@example.net;Haro;Tapia;Álvaro;366-31-3896;Alcaraz;Villegas;Cayetana;Hombre;+34 700 93 30 96;anastasia29@example.org;719-04-1892;Farré;Barón;Itziar;Mujer;34877923690;lluchroxana@example.com;17;123456789
Eliseo Mena Arribas;Eliseo;42452802;17530271Q;845902;Cuarto;C;No matriculado;2024;17/9/24;2;Labore nemo pariatur cum. Magni cum nobis veniam.;M;Pasadizo de Pastora Teruel 74, Melilla, 23112;43347;Girona;Santa Cruz de Tenerife;Alicante;Ourense;Afganistán;4/12/72;39;Malawi;+34 928685021;+34 948 232 212;melendezjonatan@example.net;Mena;Arribas;Eliseo;949-02-9993;Barberá;Rueda;José;Hombre;+34 825 717 195;carrascoantonia@example.net;883-73-9356;Quirós;Garay;Noé;Mujer;+34 877 69 51 09;ernesto65@example.net;4;123456789
Federico Agudo Peñas;Federico;82590203;60260682S;718482;Cuarto;D;En trámite;2024;19/3/24;1;Soluta recusandae placeat nemo occaecati in.;M;Rambla Elena Requena 64, Tarragona, 22802;41501;Cuenca;Jaén;Córdoba;Jaén;Guinea Bissau;11/11/93;13;Djibouti;+34 803 93 32 83;+34 972 97 88 72;pepitasebastian@example.net;Agudo;Peñas;Federico;908-28-7581;Ordóñez;Velázquez;Eligia;Hombre;+34830 531 225;maxi61@example.org;412-16-0763;Pujol;Mur;Borja;Hombre;34872248517;ccosta@example.com;4;123456789
Azahara Lastra Paz;Azahara;25200789;28284804W;755832;Quinto;A;En trámite;2024;7/7/24;2;Iusto eligendi quia modi quae.;M;Glorieta Teófilo Borrás 2, Huesca, 44360;23657;Guadalajara;Cantabria;Córdoba;Castellón;Mozambique;4/11/93;36;Dominicana;+34 879 062 383;34706694504;yustecandelas@example.com;Lastra;Paz;Azahara;252-81-7859;Solana;Palacios;Marcela;Hombre;+34 822112908;benigna73@example.net;124-29-3261;Prada;Paredes;Hernán;Mujer;+34860 997 787;jose-ignacio66@example.net;44;123456789
Calista Lara Olmo;Calista;65968956;93769721D;988954;Primero;E;Matriculado;2024;29/8/24;2;Ipsum ad molestias accusantium.;M;Vial Lupe Farré 8, Madrid, 24694;50316;Salamanca;Albacete;Guadalajara;Zamora;Países Bajos;28/2/05;50;Swazilandia;+34 961 813 071;+34 882843583;llabresleonor@example.com;Lara;Olmo;Calista;709-17-2884;Barral;Angulo;Paulina;Hombre;34921908330;walter41@example.net;967-43-5795;Priego;Vives;María;Mujer;+34 812 15 01 34;aureliano36@example.net;22;123456789
Violeta Montes Cid;Violeta;73362908;86204920T;520710;Tercero;B;En trámite;2024;26/6/24;3;Quod eius ex enim nulla dolores suscipit animi.;F;Cañada Jose Luis Palmer 90, Badajoz, 23366;15290;La Rioja;Murcia;Palencia;Albacete;Togo;2/6/15;57;Palau;+34935 10 46 40;+34 885 827 821;jessicaquiros@example.org;Montes;Cid;Violeta;021-54-4485;Manso;Zurita;Haydée;Hombre;+34872 827 908;pcanton@example.net;760-41-9940;Mesa;Torrents;Baudelio;Hombre;+34876 494 155;manuelita88@example.net;55;123456789
Tecla Pazos Azorin;Tecla;49864240;96206560K;43625;Segundo;B;Solicitado;2024;20/6/24;2;Aliquam possimus voluptas vel eaque.;U;Rambla Estefanía Ferrera 76 Puerta 4 , Cuenca, 06592;38408;Teruel;Tarragona;Santa Cruz de Tenerife;Teruel;Sudán;21/12/06;57;Rumania;+34800 332 501;+34820 636 017;polandres-felipe@example.com;Pazos;Azorin;Tecla;593-67-9736;Velázquez;Cal;Mayte;Hombre;+34 981 797 301;concepcion77@example.com;252-46-2506;Martí;Camacho;Dolores;Mujer;+34 842461767;nogueranilda@example.net;36;123456789
Eli Arias Sosa;Eli;6386773;56656920P;930998;Segundo;B;Solicitado;2024;23/6/24;1;Laudantium nulla veritatis natus assumenda ipsum.;U;Paseo Chuy Fernández 87, Cádiz, 49111;28525;La Rioja;Málaga;Sevilla;Ceuta;Luxemburgo;15/6/11;99;Qatar;+34948 44 40 20;+34 828 877 732;palmira59@example.com;Arias;Sosa;Eli;221-42-7345;Cerro;Córdoba;Anselma;Mujer;+34 736541499;fdiaz@example.org;965-12-5951;Linares;Ayuso;Pastora;Hombre;+34 880 40 83 73;nsaenz@example.org;3;123456789
Azeneth Palacio Crespi;Azeneth;97090771;64075405G;503120;Cuarto;B;No matriculado;2024;7/9/24;3;Perferendis labore ullam cum sapiente est.;F;Alameda Gabriela Calderon 12 Puerta 1 , Castellón, 01424;47913;Valencia;Alicante;Ávila;Cádiz;Chipre;30/11/05;53;Brunei Darussalam;+34975 19 11 89;+34863 856 222;quiqueangulo@example.com;Palacio;Crespi;Azeneth;675-16-5415;Mena;Yáñez;Toño;Mujer;+34 841 81 63 31;luisacabrero@example.com;721-64-7454;Grau;Manzanares;Eligia;Hombre;+34 872 48 09 39;zmerino@example.net;1;123456789
Delia Pinedo Castillo;Delia;16371319;85310423L;251416;Quinto;C;En trámite;2024;13/7/24;1;Ratione exercitationem facilis voluptates.;U;Avenida de Carla Donaire 52 Puerta 7 , Lugo, 14676;37123;Huelva;Cuenca;Castellón;Palencia;Zimbabwe;6/3/07;4;Bulgaria;+34982 384 361;+34 941 52 09 45;amayabatalla@example.net;Pinedo;Castillo;Delia;740-39-5762;Sáenz;Saez;Mario;Mujer;+34 925631517;amandotellez@example.org;797-79-3339;Villalobos;Naranjo;Julie;Hombre;+34948 701 234;jimena70@example.org;12;123456789
Carlos Valls Samper;Carlos;62940482;75840878B;145280;Segundo;B;Matriculado;2024;25/9/24;3;Explicabo qui officiis.;M;Avenida de Aitana Ferreras 243, Baleares, 14059;26641;Sevilla;León;Granada;Pontevedra;Tonga;13/3/73;23;España;+34 881 623 728;+34947 97 81 26;macarena68@example.com;Valls;Samper;Carlos;983-98-8029;Abascal;Castells;Natividad;Mujer;+34 841 81 41 71;cmerino@example.net;747-53-3253;Noriega;Bru;Néstor;Mujer;+34 845418495;irenemendez@example.net;82;123456789
Carolina Palma Vilalta;Carolina;50292832;19456666T;186336;Cuarto;D;En trámite;2024;24/3/24;3;Optio quia in suscipit libero.;U;Pasaje de Angélica Novoa 45, Barcelona, 40940;22982;Melilla;Granada;Zamora;Castellón;Guinea;5/10/90;11;Granada;+34 822 81 46 98;+34941 37 71 00;rolandomaldonado@example.org;Palma;Vilalta;Carolina;941-96-2852;Vicente;Carro;Goyo;Mujer;+34 922 34 92 86;jesparza@example.org;791-61-8494;Planas;Bernat;Ángel;Hombre;34982663923;amadorcorominas@example.com;9;123456789
Saturnina Acosta Busquets;Saturnina;39712664;84073348E;227910;Tercero;B;Matriculado;2024;7/9/24;2;Fugiat laborum totam qui esse unde.;M;Alameda Jovita Quintana 78 Piso 6 , Cádiz, 32141;38363;Cádiz;Castellón;Zamora;Córdoba;Países Bajos;10/5/95;48;Hungría;+34 958 487 596;+34 971 38 95 45;monrealnestor@example.org;Acosta;Busquets;Saturnina;254-50-3967;Albero;Barranco;Herminia;Mujer;+34 947 106 417;lupitajulia@example.net;088-48-7011;Vázquez;Alberola;Jennifer;Hombre;+34 900 85 00 12;sacristaneugenia@example.org;30;123456789
Noé Baró Sala;Noé;87138336;78829919H;529420;Cuarto;D;En trámite;2024;29/5/24;1;Aperiam in accusantium sunt et.;M;Vial Tamara Ribera 55, Salamanca, 20242;20742;Toledo;Almería;Zaragoza;Lleida;Bahrein;2/12/91;79;Federación de Rusia;+34 843 71 05 52;34979049492;taniagallart@example.net;Baró;Sala;Noé;296-70-3578;Dalmau;Real;Modesto;Hombre;+34 985 523 210;ortunogabriel@example.net;041-56-2851;Acero;Miguel;Liliana;Hombre;+34 972074147;vgil@example.net;72;123456789
Graciela Marquez Cordero;Graciela;73840241;11127888M;736494;Primero;C;No matriculado;2024;17/2/24;3;Voluptatum sint ducimus ducimus doloribus ex.;F;Callejón de Noemí Larrañaga 91, Albacete, 05743;22552;Cuenca;Teruel;Lugo;Sevilla;Yemen;27/7/79;45;Ghana;+34 979 284 005;+34 833 149 649;arturomaldonado@example.org;Marquez;Cordero;Graciela;923-60-1021;Priego;Arco;Fermín;Mujer;+34 979 83 73 66;bernabesilva@example.org;165-50-8141;Calderon;Contreras;Jose Ramón;Mujer;+34931 72 17 21;jennifer92@example.com;99;123456789
Luciano Anaya Peral;Luciano;65032497;20519937G;514036;Tercero;B;Matriculado;2024;3/1/24;3;Id nemo libero provident voluptates.;U;Plaza de Quirino Céspedes 3 Apt. 55 , Málaga, 32283;09671;Pontevedra;Burgos;Salamanca;Cádiz;Ecuador;19/4/83;83;Sierra Leona;34718032890;+34887 172 362;castillamaria-jesus@example.net;Anaya;Peral;Luciano;642-44-2626;Echeverría;Cabañas;Camila;Hombre;+34 800717608;alma31@example.org;668-95-9008;Mateu;Blanch;Jose Manuel;Mujer;+34844 04 16 55;vvillalba@example.com;62;123456789
Dalila Polo Mata;Dalila;31463060;38299396A;351924;Quinto;A;Denegado;2024;28/5/24;3;Adipisci soluta magni.;F;Rambla Adriana Torrijos 9, Córdoba, 23399;25410;Granada;Girona;Segovia;Guadalajara;Alemania;21/2/76;80;Mauricio;+34 843619333;+34 901 92 61 15;laura68@example.com;Polo;Mata;Dalila;605-13-5529;Muro;Montesinos;Elena;Hombre;+34 945184384;ulisesamor@example.com;413-06-6358;Villaverde;Padilla;Bernarda;Hombre;+34 846 031 787;lucio17@example.org;62;123456789
Bautista Porcel Nadal;Bautista;63034945;01469121L;797845;Tercero;D;Denegado;2024;16/4/24;2;Unde eos voluptatem quasi quos illum.;M;Alameda de Berto Alvarez 3, Ceuta, 09239;46492;Soria;Salamanca;Ciudad;Murcia;Ecuador;26/2/80;65;Japón;+34983 76 16 99;+34978 82 82 66;lmendizabal@example.org;Porcel;Nadal;Bautista;527-67-7550;Juan;Berrocal;Maricela;Mujer;+34876 01 64 69;albaalmudena@example.org;536-40-7426;Olivé;Barrio;Santiago;Mujer;34920549974;tenoriohilario@example.com;56;123456789
Maxi Peral Montaña;Maxi;15917877;82102266V;540765;Quinto;B;Denegado;2024;27/5/24;2;Repudiandae modi fugit sint recusandae.;F;Via de Nayara Pardo 616 Piso 0 , Ciudad, 27693;25768;Burgos;Las Palmas;Barcelona;Valladolid;Finlandia;7/7/15;91;Fiji;+34 920 437 093;34971044642;bbellido@example.com;Peral;Montaña;Maxi;225-76-3469;Arce;Guillén;Alma;Hombre;34872857498;julialastra@example.net;931-20-6838;Flor;Almeida;Cruz;Mujer;+34925 156 312;farroyo@example.net;35;123456789
Eutropio Isern Moll;Eutropio;79594068;63360357A;674487;Segundo;E;En trámite;2024;6/4/24;1;Error accusamus recusandae.;U;Pasaje de Inocencio Ramirez 54 Puerta 7 , Lleida, 23311;20612;Toledo;La Rioja;Murcia;Tarragona;Liberia;19/3/06;17;Dominicana;+34922 56 20 70;+34 984 77 55 57;narcisamalo@example.com;Isern;Moll;Eutropio;789-62-4481;Vilar;Rico;Hernando;Hombre;+34 981 121 990;marana@example.com;581-17-7584;Valle;Pomares;Ezequiel;Mujer;+34807 12 23 89;xasenjo@example.com;30;123456789
Constanza Torrijos Font;Constanza;85583910;16767151J;90642;Quinto;D;Denegado;2024;4/6/24;1;Hic ab veniam ducimus.;F;Glorieta de Urbano Barón 32 Puerta 2 , Valladolid, 36972;01044;Girona;Madrid;Zamora;Granada;Liberia;16/4/85;94;Jordania;34874110411;+34888 95 48 68;bertransilvio@example.net;Torrijos;Font;Constanza;327-14-7077;Pazos;Fabra;Iván;Hombre;34874666372;martin78@example.net;406-82-6309;Roman;Escribano;Estela;Hombre;+34 800 440 413;perearaimundo@example.org;7;123456789
Maximino Colomer Gomis;Maximino;31901102;54116937F;24489;Quinto;C;Matriculado;2024;18/7/24;1;Eaque neque officiis rem.;U;Camino de Sara Tomé 8, Cáceres, 43028;40881;Albacete;Ourense;Badajoz;León;República de Macedonia del Norte;16/12/12;75;República Dominicana;+34923 469 558;+34 948319555;crespibruno@example.net;Colomer;Gomis;Maximino;129-18-3796;Marti;Aguilera;Hermenegildo;Hombre;+34 925 707 733;qrecio@example.net;565-13-7658;Batlle;Quintero;Belén;Hombre;+34 846 14 87 57;arnalraul@example.net;90;123456789
Feliciano Manzano Soto;Feliciano;35061553;04607726K;533613;Primero;B;En trámite;2024;20/2/24;1;Ducimus laborum modi harum aperiam aliquam.;M;Via de Xiomara Muro 31 Piso 2 , Granada, 07967;02886;Cantabria;Melilla;Granada;Barcelona;Japón;20/7/82;24;Camerún;+34 842 764 516;+34827 16 83 65;ileal@example.net;Manzano;Soto;Feliciano;337-28-2970;Duarte;Osuna;Elodia;Hombre;+34 943178214;eliseo91@example.com;092-12-8348;Morell;Riera;Fanny;Mujer;34979846866;sferrera@example.net;47;123456789
Herminio Gelabert Miranda;Herminio;13436792;65313255V;244482;Segundo;A;En trámite;2024;3/1/24;1;Laboriosam eius inventore voluptatibus eaque.;M;Via de Macaria Bermudez 93, Vizcaya, 34378;41828;Granada;Vizcaya;Zaragoza;Málaga;Argentina;19/1/73;88;Estados Unidos de América;+34 983 132 106;+34975 24 58 09;qreguera@example.org;Gelabert;Miranda;Herminio;803-57-1345;Caro;Galindo;Marciano;Hombre;34807702155;anacletogelabert@example.net;138-52-3399;Cabrera;Prieto;Fabiola;Mujer;+34944 284 813;antunezcurro@example.org;31;123456789
Lidia Nogués Andreu;Lidia;45106816;34835231Y;340269;Quinto;D;No matriculado;2024;23/8/24;1;Temporibus distinctio tempora dicta.;M;Alameda de Rufina Agustí 222, Cuenca, 34279;33433;Córdoba;Navarra;Guipúzcoa;Burgos;Noruega;2/1/78;74;Noruega;+34878 343 033;+34876 63 25 28;olivaresvioleta@example.net;Nogués;Andreu;Lidia;031-88-0713;Diez;Gomila;Amada;Mujer;+34 901769169;carlota13@example.net;915-30-3615;Barranco;Milla;Jose Ramón;Mujer;+34 988186680;inunez@example.net;94;123456789
Roberto Quintero Perales;Roberto;61786357;14605818J;708497;Quinto;C;Solicitado;2024;21/7/24;1;Placeat culpa maxime error.;F;Plaza Damián Lucena 910 Puerta 0 , Toledo, 05709;33400;Sevilla;Valladolid;Granada;Almería;Grecia;12/3/17;39;Madagascar;+34848 013 760;+34979 23 28 41;azabala@example.org;Quintero;Perales;Roberto;107-35-9066;Miguel;Iriarte;Espiridión;Hombre;34945856445;iborraherminia@example.com;226-32-0888;Goñi;Pedrosa;Candelaria;Mujer;+34928 45 46 82;sanmartinpalmira@example.org;95;123456789
Isabel Martín Nicolás;Isabel;9587211;52418145H;916476;Tercero;A;Denegado;2024;28/6/24;2;Aut corporis magnam autem tempora sint totam.;F;Acceso Evangelina Olivares 3 Apt. 83 , Ávila, 18943;48819;Valencia;León;Segovia;León;Islas Marshall;17/10/17;68;Samoa;+34 844 89 18 71;+34 719 466 941;fidelacarbonell@example.org;Martín;Nicolás;Isabel;257-89-9489;Paredes;Redondo;Melisa;Mujer;+34806 027 751;ramon19@example.org;944-56-7266;Cerdán;Márquez;Celso;Mujer;+34 872 35 66 23;reguerajaviera@example.com;45;123456789
Ale Manzano Rueda;Ale;20955377;38592798V;912535;Primero;D;No matriculado;2024;31/7/24;3;Nihil aperiam ab adipisci accusantium assumenda.;M;C. Pastor Tirado 82, Ourense, 06674;18562;Salamanca;Madrid;Málaga;León;República Árabe Siria;20/7/87;84;Zimbabwe;34974235672;34976759753;guadalupeescudero@example.net;Manzano;Rueda;Ale;057-02-2220;Barrios;Jara;Ruth;Mujer;+34 977 93 15 05;aanglada@example.com;737-54-6938;Melero;Gabaldón;Toni;Mujer;+34800 19 93 06;cristina25@example.org;12;123456789